"","species","interactions","outdegree","rep"
"1","AcalS",5,13,1
"2","AcurS",16,5,1
"3","AglaS",4,7,1
"4","AinfS",5,3,1
"5","Amit",5,1,1
"6","AquaA",13,8,1
"7","AqueS",2,3,1
"8","Calc",1,7,1
"9","Clon asex",2,0,1
"10","ClonA",16,9,1
"11","Col",1,7,1
"12","Colfllu",1,3,1
"13","Ealb",6,2,1
"14","NantA",2,1,1
"15","NqueA",4,3,1
"16","NqueS",20,2,1
"17","Phy",11,6,1
"18","Phyhar",4,1,1
"19","Phyque",2,3,1
"20","Ppyg",4,5,1
"21","Sti",2,6,1
"22","Tdod",1,4,1
"23","Teke",6,6,1
"24","AcalS",5,6,2
"25","AcurS",16,4,2
"26","AglaS",4,5,2
"27","AinfS",5,4,2
"28","Amit",5,5,2
"29","AquaA",13,3,2
"30","AqueS",2,4,2
"31","Calc",1,3,2
"32","Clon asex",2,0,2
"33","ClonA",16,3,2
"34","Col",1,3,2
"35","Colfllu",1,3,2
"36","Ealb",6,5,2
"37","NantA",2,2,2
"38","NqueA",4,5,2
"39","NqueS",20,8,2
"40","Phy",11,9,2
"41","Phyhar",4,2,2
"42","Phyque",2,4,2
"43","Ppyg",4,5,2
"44","Sti",2,8,2
"45","Tdod",1,8,2
"46","Teke",6,8,2
"47","AcalS",5,10,3
"48","AcurS",16,8,3
"49","AglaS",4,6,3
"50","AinfS",5,5,3
"51","Amit",5,9,3
"52","AquaA",13,4,3
"53","AqueS",2,4,3
"54","Calc",1,5,3
"55","Clon asex",2,1,3
"56","ClonA",16,5,3
"57","Col",1,3,3
"58","Colfllu",1,0,3
"59","Ealb",6,3,3
"60","NantA",2,1,3
"61","NqueA",4,6,3
"62","NqueS",20,3,3
"63","Phy",11,3,3
"64","Phyhar",4,2,3
"65","Phyque",2,5,3
"66","Ppyg",4,4,3
"67","Sti",2,9,3
"68","Tdod",1,1,3
"69","Teke",6,5,3
"70","AcalS",5,11,4
"71","AcurS",16,6,4
"72","AglaS",4,4,4
"73","AinfS",5,8,4
"74","Amit",5,4,4
"75","AquaA",13,3,4
"76","AqueS",2,2,4
"77","Calc",1,7,4
"78","Clon asex",2,2,4
"79","ClonA",16,6,4
"80","Col",1,2,4
"81","Colfllu",1,0,4
"82","Ealb",6,9,4
"83","NantA",2,1,4
"84","NqueA",4,4,4
"85","NqueS",20,9,4
"86","Phy",11,4,4
"87","Phyhar",4,4,4
"88","Phyque",2,1,4
"89","Ppyg",4,4,4
"90","Sti",2,4,4
"91","Tdod",1,4,4
"92","Teke",6,7,4
"93","AcalS",5,4,5
"94","AcurS",16,8,5
"95","AglaS",4,7,5
"96","AinfS",5,4,5
"97","Amit",5,6,5
"98","AquaA",13,5,5
"99","AqueS",2,5,5
"100","Calc",1,5,5
"101","Clon asex",2,1,5
"102","ClonA",16,9,5
"103","Col",1,2,5
"104","Colfllu",1,1,5
"105","Ealb",6,6,5
"106","NantA",2,1,5
"107","NqueA",4,8,5
"108","NqueS",20,6,5
"109","Phy",11,5,5
"110","Phyhar",4,5,5
"111","Phyque",2,3,5
"112","Ppyg",4,7,5
"113","Sti",2,10,5
"114","Tdod",1,6,5
"115","Teke",6,8,5
"116","AcalS",5,10,6
"117","AcurS",16,3,6
"118","AglaS",4,7,6
"119","AinfS",5,4,6
"120","Amit",5,8,6
"121","AquaA",13,9,6
"122","AqueS",2,7,6
"123","Calc",1,8,6
"124","Clon asex",2,2,6
"125","ClonA",16,4,6
"126","Col",1,8,6
"127","Colfllu",1,0,6
"128","Ealb",6,9,6
"129","NantA",2,4,6
"130","NqueA",4,7,6
"131","NqueS",20,6,6
"132","Phy",11,9,6
"133","Phyhar",4,1,6
"134","Phyque",2,2,6
"135","Ppyg",4,9,6
"136","Sti",2,5,6
"137","Tdod",1,3,6
"138","Teke",6,13,6
"139","AcalS",5,18,7
"140","AcurS",16,10,7
"141","AglaS",4,3,7
"142","AinfS",5,4,7
"143","Amit",5,1,7
"144","AquaA",13,7,7
"145","AqueS",2,3,7
"146","Calc",1,5,7
"147","Clon asex",2,2,7
"148","ClonA",16,7,7
"149","Col",1,8,7
"150","Colfllu",1,0,7
"151","Ealb",6,8,7
"152","NantA",2,1,7
"153","NqueA",4,2,7
"154","NqueS",20,6,7
"155","Phy",11,9,7
"156","Phyhar",4,1,7
"157","Phyque",2,2,7
"158","Ppyg",4,7,7
"159","Sti",2,6,7
"160","Tdod",1,5,7
"161","Teke",6,5,7
"162","AcalS",5,7,8
"163","AcurS",16,9,8
"164","AglaS",4,2,8
"165","AinfS",5,2,8
"166","Amit",5,9,8
"167","AquaA",13,5,8
"168","AqueS",2,3,8
"169","Calc",1,3,8
"170","Clon asex",2,1,8
"171","ClonA",16,8,8
"172","Col",1,6,8
"173","Colfllu",1,3,8
"174","Ealb",6,7,8
"175","NantA",2,2,8
"176","NqueA",4,6,8
"177","NqueS",20,2,8
"178","Phy",11,7,8
"179","Phyhar",4,1,8
"180","Phyque",2,1,8
"181","Ppyg",4,9,8
"182","Sti",2,1,8
"183","Tdod",1,6,8
"184","Teke",6,8,8
"185","AcalS",5,10,9
"186","AcurS",16,6,9
"187","AglaS",4,5,9
"188","AinfS",5,4,9
"189","Amit",5,4,9
"190","AquaA",13,7,9
"191","AqueS",2,3,9
"192","Calc",1,5,9
"193","Clon asex",2,1,9
"194","ClonA",16,7,9
"195","Col",1,9,9
"196","Colfllu",1,3,9
"197","Ealb",6,7,9
"198","NantA",2,4,9
"199","NqueA",4,8,9
"200","NqueS",20,5,9
"201","Phy",11,7,9
"202","Phyhar",4,1,9
"203","Phyque",2,2,9
"204","Ppyg",4,6,9
"205","Sti",2,7,9
"206","Tdod",1,7,9
"207","Teke",6,5,9
"208","AcalS",5,8,10
"209","AcurS",16,6,10
"210","AglaS",4,5,10
"211","AinfS",5,6,10
"212","Amit",5,9,10
"213","AquaA",13,5,10
"214","AqueS",2,8,10
"215","Calc",1,5,10
"216","Clon asex",2,1,10
"217","ClonA",16,3,10
"218","Col",1,6,10
"219","Colfllu",1,0,10
"220","Ealb",6,5,10
"221","NantA",2,1,10
"222","NqueA",4,4,10
"223","NqueS",20,12,10
"224","Phy",11,8,10
"225","Phyhar",4,6,10
"226","Phyque",2,4,10
"227","Ppyg",4,6,10
"228","Sti",2,6,10
"229","Tdod",1,7,10
"230","Teke",6,7,10
"231","AcalS",5,12,11
"232","AcurS",16,9,11
"233","AglaS",4,9,11
"234","AinfS",5,3,11
"235","Amit",5,6,11
"236","AquaA",13,6,11
"237","AqueS",2,2,11
"238","Calc",1,6,11
"239","Clon asex",2,2,11
"240","ClonA",16,10,11
"241","Col",1,5,11
"242","Colfllu",1,1,11
"243","Ealb",6,11,11
"244","NantA",2,1,11
"245","NqueA",4,5,11
"246","NqueS",20,9,11
"247","Phy",11,6,11
"248","Phyhar",4,3,11
"249","Phyque",2,1,11
"250","Ppyg",4,7,11
"251","Sti",2,5,11
"252","Tdod",1,7,11
"253","Teke",6,10,11
"254","AcalS",5,14,12
"255","AcurS",16,6,12
"256","AglaS",4,3,12
"257","AinfS",5,3,12
"258","Amit",5,3,12
"259","AquaA",13,5,12
"260","AqueS",2,4,12
"261","Calc",1,7,12
"262","Clon asex",2,2,12
"263","ClonA",16,8,12
"264","Col",1,8,12
"265","Colfllu",1,4,12
"266","Ealb",6,2,12
"267","NantA",2,1,12
"268","NqueA",4,7,12
"269","NqueS",20,8,12
"270","Phy",11,5,12
"271","Phyhar",4,4,12
"272","Phyque",2,2,12
"273","Ppyg",4,9,12
"274","Sti",2,7,12
"275","Tdod",1,2,12
"276","Teke",6,5,12
"277","AcalS",5,12,13
"278","AcurS",16,3,13
"279","AglaS",4,7,13
"280","AinfS",5,3,13
"281","Amit",5,5,13
"282","AquaA",13,7,13
"283","AqueS",2,5,13
"284","Calc",1,5,13
"285","Clon asex",2,0,13
"286","ClonA",16,6,13
"287","Col",1,4,13
"288","Colfllu",1,2,13
"289","Ealb",6,8,13
"290","NantA",2,3,13
"291","NqueA",4,10,13
"292","NqueS",20,4,13
"293","Phy",11,4,13
"294","Phyhar",4,2,13
"295","Phyque",2,3,13
"296","Ppyg",4,6,13
"297","Sti",2,5,13
"298","Tdod",1,12,13
"299","Teke",6,7,13
"300","AcalS",5,9,14
"301","AcurS",16,7,14
"302","AglaS",4,4,14
"303","AinfS",5,4,14
"304","Amit",5,8,14
"305","AquaA",13,9,14
"306","AqueS",2,1,14
"307","Calc",1,5,14
"308","Clon asex",2,1,14
"309","ClonA",16,4,14
"310","Col",1,6,14
"311","Colfllu",1,3,14
"312","Ealb",6,8,14
"313","NantA",2,1,14
"314","NqueA",4,5,14
"315","NqueS",20,6,14
"316","Phy",11,8,14
"317","Phyhar",4,3,14
"318","Phyque",2,2,14
"319","Ppyg",4,11,14
"320","Sti",2,8,14
"321","Tdod",1,4,14
"322","Teke",6,6,14
"323","AcalS",5,10,15
"324","AcurS",16,9,15
"325","AglaS",4,4,15
"326","AinfS",5,7,15
"327","Amit",5,10,15
"328","AquaA",13,8,15
"329","AqueS",2,2,15
"330","Calc",1,2,15
"331","Clon asex",2,0,15
"332","ClonA",16,10,15
"333","Col",1,5,15
"334","Colfllu",1,2,15
"335","Ealb",6,7,15
"336","NantA",2,3,15
"337","NqueA",4,8,15
"338","NqueS",20,7,15
"339","Phy",11,5,15
"340","Phyhar",4,2,15
"341","Phyque",2,3,15
"342","Ppyg",4,5,15
"343","Sti",2,6,15
"344","Tdod",1,3,15
"345","Teke",6,5,15
"346","AcalS",5,16,16
"347","AcurS",16,3,16
"348","AglaS",4,7,16
"349","AinfS",5,6,16
"350","Amit",5,6,16
"351","AquaA",13,6,16
"352","AqueS",2,1,16
"353","Calc",1,7,16
"354","Clon asex",2,1,16
"355","ClonA",16,7,16
"356","Col",1,4,16
"357","Colfllu",1,2,16
"358","Ealb",6,4,16
"359","NantA",2,3,16
"360","NqueA",4,8,16
"361","NqueS",20,7,16
"362","Phy",11,4,16
"363","Phyhar",4,3,16
"364","Phyque",2,3,16
"365","Ppyg",4,5,16
"366","Sti",2,5,16
"367","Tdod",1,4,16
"368","Teke",6,7,16
"369","AcalS",5,11,17
"370","AcurS",16,7,17
"371","AglaS",4,4,17
"372","AinfS",5,3,17
"373","Amit",5,8,17
"374","AquaA",13,5,17
"375","AqueS",2,1,17
"376","Calc",1,3,17
"377","Clon asex",2,0,17
"378","ClonA",16,4,17
"379","Col",1,3,17
"380","Colfllu",1,1,17
"381","Ealb",6,5,17
"382","NantA",2,1,17
"383","NqueA",4,6,17
"384","NqueS",20,4,17
"385","Phy",11,6,17
"386","Phyhar",4,4,17
"387","Phyque",2,1,17
"388","Ppyg",4,6,17
"389","Sti",2,6,17
"390","Tdod",1,5,17
"391","Teke",6,3,17
"392","AcalS",5,8,18
"393","AcurS",16,11,18
"394","AglaS",4,5,18
"395","AinfS",5,7,18
"396","Amit",5,7,18
"397","AquaA",13,8,18
"398","AqueS",2,2,18
"399","Calc",1,8,18
"400","Clon asex",2,3,18
"401","ClonA",16,7,18
"402","Col",1,10,18
"403","Colfllu",1,0,18
"404","Ealb",6,9,18
"405","NantA",2,4,18
"406","NqueA",4,7,18
"407","NqueS",20,6,18
"408","Phy",11,6,18
"409","Phyhar",4,2,18
"410","Phyque",2,3,18
"411","Ppyg",4,5,18
"412","Sti",2,7,18
"413","Tdod",1,4,18
"414","Teke",6,8,18
"415","AcalS",5,11,19
"416","AcurS",16,4,19
"417","AglaS",4,3,19
"418","AinfS",5,1,19
"419","Amit",5,8,19
"420","AquaA",13,9,19
"421","AqueS",2,1,19
"422","Calc",1,3,19
"423","Clon asex",2,0,19
"424","ClonA",16,6,19
"425","Col",1,5,19
"426","Colfllu",1,1,19
"427","Ealb",6,1,19
"428","NantA",2,0,19
"429","NqueA",4,6,19
"430","NqueS",20,7,19
"431","Phy",11,3,19
"432","Phyhar",4,0,19
"433","Phyque",2,2,19
"434","Ppyg",4,7,19
"435","Sti",2,11,19
"436","Tdod",1,6,19
"437","Teke",6,3,19
"438","AcalS",5,15,20
"439","AcurS",16,7,20
"440","AglaS",4,6,20
"441","AinfS",5,5,20
"442","Amit",5,5,20
"443","AquaA",13,6,20
"444","AqueS",2,4,20
"445","Calc",1,6,20
"446","Clon asex",2,0,20
"447","ClonA",16,4,20
"448","Col",1,5,20
"449","Colfllu",1,0,20
"450","Ealb",6,9,20
"451","NantA",2,3,20
"452","NqueA",4,7,20
"453","NqueS",20,6,20
"454","Phy",11,2,20
"455","Phyhar",4,3,20
"456","Phyque",2,4,20
"457","Ppyg",4,7,20
"458","Sti",2,2,20
"459","Tdod",1,4,20
"460","Teke",6,6,20
"461","AcalS",5,14,21
"462","AcurS",16,3,21
"463","AglaS",4,6,21
"464","AinfS",5,3,21
"465","Amit",5,3,21
"466","AquaA",13,5,21
"467","AqueS",2,2,21
"468","Calc",1,2,21
"469","Clon asex",2,1,21
"470","ClonA",16,6,21
"471","Col",1,5,21
"472","Colfllu",1,0,21
"473","Ealb",6,10,21
"474","NantA",2,1,21
"475","NqueA",4,7,21
"476","NqueS",20,10,21
"477","Phy",11,6,21
"478","Phyhar",4,1,21
"479","Phyque",2,2,21
"480","Ppyg",4,4,21
"481","Sti",2,6,21
"482","Tdod",1,6,21
"483","Teke",6,2,21
"484","AcalS",5,17,22
"485","AcurS",16,6,22
"486","AglaS",4,3,22
"487","AinfS",5,2,22
"488","Amit",5,3,22
"489","AquaA",13,4,22
"490","AqueS",2,0,22
"491","Calc",1,4,22
"492","Clon asex",2,2,22
"493","ClonA",16,8,22
"494","Col",1,4,22
"495","Colfllu",1,2,22
"496","Ealb",6,6,22
"497","NantA",2,2,22
"498","NqueA",4,5,22
"499","NqueS",20,3,22
"500","Phy",11,7,22
"501","Phyhar",4,3,22
"502","Phyque",2,1,22
"503","Ppyg",4,6,22
"504","Sti",2,7,22
"505","Tdod",1,4,22
"506","Teke",6,4,22
"507","AcalS",5,10,23
"508","AcurS",16,8,23
"509","AglaS",4,3,23
"510","AinfS",5,2,23
"511","Amit",5,5,23
"512","AquaA",13,8,23
"513","AqueS",2,1,23
"514","Calc",1,4,23
"515","Clon asex",2,1,23
"516","ClonA",16,4,23
"517","Col",1,7,23
"518","Colfllu",1,0,23
"519","Ealb",6,6,23
"520","NantA",2,2,23
"521","NqueA",4,9,23
"522","NqueS",20,10,23
"523","Phy",11,6,23
"524","Phyhar",4,2,23
"525","Phyque",2,2,23
"526","Ppyg",4,4,23
"527","Sti",2,6,23
"528","Tdod",1,4,23
"529","Teke",6,3,23
"530","AcalS",5,14,24
"531","AcurS",16,11,24
"532","AglaS",4,5,24
"533","AinfS",5,5,24
"534","Amit",5,7,24
"535","AquaA",13,4,24
"536","AqueS",2,4,24
"537","Calc",1,6,24
"538","Clon asex",2,0,24
"539","ClonA",16,7,24
"540","Col",1,5,24
"541","Colfllu",1,0,24
"542","Ealb",6,7,24
"543","NantA",2,1,24
"544","NqueA",4,6,24
"545","NqueS",20,7,24
"546","Phy",11,6,24
"547","Phyhar",4,1,24
"548","Phyque",2,4,24
"549","Ppyg",4,4,24
"550","Sti",2,8,24
"551","Tdod",1,5,24
"552","Teke",6,8,24
"553","AcalS",5,13,25
"554","AcurS",16,4,25
"555","AglaS",4,4,25
"556","AinfS",5,4,25
"557","Amit",5,6,25
"558","AquaA",13,6,25
"559","AqueS",2,2,25
"560","Calc",1,8,25
"561","Clon asex",2,1,25
"562","ClonA",16,5,25
"563","Col",1,6,25
"564","Colfllu",1,2,25
"565","Ealb",6,8,25
"566","NantA",2,1,25
"567","NqueA",4,1,25
"568","NqueS",20,5,25
"569","Phy",11,4,25
"570","Phyhar",4,5,25
"571","Phyque",2,2,25
"572","Ppyg",4,7,25
"573","Sti",2,7,25
"574","Tdod",1,5,25
"575","Teke",6,10,25
"576","AcalS",5,8,26
"577","AcurS",16,8,26
"578","AglaS",4,9,26
"579","AinfS",5,6,26
"580","Amit",5,8,26
"581","AquaA",13,5,26
"582","AqueS",2,6,26
"583","Calc",1,11,26
"584","Clon asex",2,1,26
"585","ClonA",16,5,26
"586","Col",1,7,26
"587","Colfllu",1,3,26
"588","Ealb",6,7,26
"589","NantA",2,1,26
"590","NqueA",4,1,26
"591","NqueS",20,5,26
"592","Phy",11,7,26
"593","Phyhar",4,3,26
"594","Phyque",2,2,26
"595","Ppyg",4,3,26
"596","Sti",2,7,26
"597","Tdod",1,10,26
"598","Teke",6,6,26
"599","AcalS",5,18,27
"600","AcurS",16,9,27
"601","AglaS",4,6,27
"602","AinfS",5,4,27
"603","Amit",5,5,27
"604","AquaA",13,6,27
"605","AqueS",2,5,27
"606","Calc",1,3,27
"607","Clon asex",2,0,27
"608","ClonA",16,5,27
"609","Col",1,5,27
"610","Colfllu",1,0,27
"611","Ealb",6,7,27
"612","NantA",2,1,27
"613","NqueA",4,8,27
"614","NqueS",20,3,27
"615","Phy",11,4,27
"616","Phyhar",4,2,27
"617","Phyque",2,1,27
"618","Ppyg",4,6,27
"619","Sti",2,8,27
"620","Tdod",1,7,27
"621","Teke",6,5,27
"622","AcalS",5,6,28
"623","AcurS",16,10,28
"624","AglaS",4,6,28
"625","AinfS",5,2,28
"626","Amit",5,7,28
"627","AquaA",13,8,28
"628","AqueS",2,2,28
"629","Calc",1,5,28
"630","Clon asex",2,2,28
"631","ClonA",16,6,28
"632","Col",1,6,28
"633","Colfllu",1,0,28
"634","Ealb",6,8,28
"635","NantA",2,3,28
"636","NqueA",4,2,28
"637","NqueS",20,10,28
"638","Phy",11,7,28
"639","Phyhar",4,4,28
"640","Phyque",2,1,28
"641","Ppyg",4,10,28
"642","Sti",2,9,28
"643","Tdod",1,8,28
"644","Teke",6,9,28
"645","AcalS",5,15,29
"646","AcurS",16,3,29
"647","AglaS",4,5,29
"648","AinfS",5,5,29
"649","Amit",5,6,29
"650","AquaA",13,9,29
"651","AqueS",2,1,29
"652","Calc",1,3,29
"653","Clon asex",2,0,29
"654","ClonA",16,4,29
"655","Col",1,8,29
"656","Colfllu",1,0,29
"657","Ealb",6,6,29
"658","NantA",2,3,29
"659","NqueA",4,7,29
"660","NqueS",20,3,29
"661","Phy",11,2,29
"662","Phyhar",4,2,29
"663","Phyque",2,3,29
"664","Ppyg",4,11,29
"665","Sti",2,4,29
"666","Tdod",1,5,29
"667","Teke",6,3,29
"668","AcalS",5,11,30
"669","AcurS",16,6,30
"670","AglaS",4,6,30
"671","AinfS",5,2,30
"672","Amit",5,1,30
"673","AquaA",13,5,30
"674","AqueS",2,2,30
"675","Calc",1,3,30
"676","Clon asex",2,0,30
"677","ClonA",16,4,30
"678","Col",1,3,30
"679","Colfllu",1,1,30
"680","Ealb",6,5,30
"681","NantA",2,1,30
"682","NqueA",4,6,30
"683","NqueS",20,8,30
"684","Phy",11,5,30
"685","Phyhar",4,1,30
"686","Phyque",2,1,30
"687","Ppyg",4,8,30
"688","Sti",2,4,30
"689","Tdod",1,4,30
"690","Teke",6,7,30
"691","AcalS",5,11,31
"692","AcurS",16,7,31
"693","AglaS",4,6,31
"694","AinfS",5,2,31
"695","Amit",5,3,31
"696","AquaA",13,3,31
"697","AqueS",2,4,31
"698","Calc",1,5,31
"699","Clon asex",2,0,31
"700","ClonA",16,4,31
"701","Col",1,5,31
"702","Colfllu",1,2,31
"703","Ealb",6,7,31
"704","NantA",2,3,31
"705","NqueA",4,2,31
"706","NqueS",20,3,31
"707","Phy",11,4,31
"708","Phyhar",4,3,31
"709","Phyque",2,0,31
"710","Ppyg",4,8,31
"711","Sti",2,5,31
"712","Tdod",1,6,31
"713","Teke",6,8,31
"714","AcalS",5,12,32
"715","AcurS",16,4,32
"716","AglaS",4,6,32
"717","AinfS",5,5,32
"718","Amit",5,9,32
"719","AquaA",13,6,32
"720","AqueS",2,5,32
"721","Calc",1,4,32
"722","Clon asex",2,1,32
"723","ClonA",16,5,32
"724","Col",1,7,32
"725","Colfllu",1,0,32
"726","Ealb",6,4,32
"727","NantA",2,2,32
"728","NqueA",4,5,32
"729","NqueS",20,4,32
"730","Phy",11,8,32
"731","Phyhar",4,2,32
"732","Phyque",2,1,32
"733","Ppyg",4,9,32
"734","Sti",2,8,32
"735","Tdod",1,2,32
"736","Teke",6,3,32
"737","AcalS",5,10,33
"738","AcurS",16,3,33
"739","AglaS",4,7,33
"740","AinfS",5,6,33
"741","Amit",5,10,33
"742","AquaA",13,4,33
"743","AqueS",2,5,33
"744","Calc",1,5,33
"745","Clon asex",2,0,33
"746","ClonA",16,5,33
"747","Col",1,7,33
"748","Colfllu",1,0,33
"749","Ealb",6,8,33
"750","NantA",2,3,33
"751","NqueA",4,8,33
"752","NqueS",20,4,33
"753","Phy",11,6,33
"754","Phyhar",4,1,33
"755","Phyque",2,4,33
"756","Ppyg",4,2,33
"757","Sti",2,5,33
"758","Tdod",1,5,33
"759","Teke",6,7,33
"760","AcalS",5,13,34
"761","AcurS",16,6,34
"762","AglaS",4,11,34
"763","AinfS",5,6,34
"764","Amit",5,6,34
"765","AquaA",13,7,34
"766","AqueS",2,5,34
"767","Calc",1,6,34
"768","Clon asex",2,0,34
"769","ClonA",16,4,34
"770","Col",1,4,34
"771","Colfllu",1,0,34
"772","Ealb",6,6,34
"773","NantA",2,2,34
"774","NqueA",4,5,34
"775","NqueS",20,8,34
"776","Phy",11,7,34
"777","Phyhar",4,0,34
"778","Phyque",2,5,34
"779","Ppyg",4,5,34
"780","Sti",2,8,34
"781","Tdod",1,6,34
"782","Teke",6,5,34
"783","AcalS",5,11,35
"784","AcurS",16,7,35
"785","AglaS",4,4,35
"786","AinfS",5,3,35
"787","Amit",5,5,35
"788","AquaA",13,7,35
"789","AqueS",2,3,35
"790","Calc",1,6,35
"791","Clon asex",2,2,35
"792","ClonA",16,4,35
"793","Col",1,6,35
"794","Colfllu",1,0,35
"795","Ealb",6,6,35
"796","NantA",2,0,35
"797","NqueA",4,4,35
"798","NqueS",20,6,35
"799","Phy",11,3,35
"800","Phyhar",4,1,35
"801","Phyque",2,4,35
"802","Ppyg",4,6,35
"803","Sti",2,4,35
"804","Tdod",1,6,35
"805","Teke",6,7,35
"806","AcalS",5,10,36
"807","AcurS",16,6,36
"808","AglaS",4,5,36
"809","AinfS",5,3,36
"810","Amit",5,1,36
"811","AquaA",13,5,36
"812","AqueS",2,3,36
"813","Calc",1,1,36
"814","Clon asex",2,2,36
"815","ClonA",16,9,36
"816","Col",1,7,36
"817","Colfllu",1,2,36
"818","Ealb",6,5,36
"819","NantA",2,1,36
"820","NqueA",4,4,36
"821","NqueS",20,3,36
"822","Phy",11,7,36
"823","Phyhar",4,4,36
"824","Phyque",2,0,36
"825","Ppyg",4,6,36
"826","Sti",2,6,36
"827","Tdod",1,4,36
"828","Teke",6,11,36
"829","AcalS",5,8,37
"830","AcurS",16,4,37
"831","AglaS",4,5,37
"832","AinfS",5,5,37
"833","Amit",5,6,37
"834","AquaA",13,7,37
"835","AqueS",2,2,37
"836","Calc",1,4,37
"837","Clon asex",2,2,37
"838","ClonA",16,5,37
"839","Col",1,10,37
"840","Colfllu",1,0,37
"841","Ealb",6,3,37
"842","NantA",2,1,37
"843","NqueA",4,3,37
"844","NqueS",20,5,37
"845","Phy",11,3,37
"846","Phyhar",4,1,37
"847","Phyque",2,2,37
"848","Ppyg",4,8,37
"849","Sti",2,9,37
"850","Tdod",1,7,37
"851","Teke",6,5,37
"852","AcalS",5,14,38
"853","AcurS",16,5,38
"854","AglaS",4,4,38
"855","AinfS",5,7,38
"856","Amit",5,7,38
"857","AquaA",13,7,38
"858","AqueS",2,5,38
"859","Calc",1,8,38
"860","Clon asex",2,0,38
"861","ClonA",16,8,38
"862","Col",1,12,38
"863","Colfllu",1,1,38
"864","Ealb",6,6,38
"865","NantA",2,0,38
"866","NqueA",4,3,38
"867","NqueS",20,13,38
"868","Phy",11,4,38
"869","Phyhar",4,1,38
"870","Phyque",2,2,38
"871","Ppyg",4,7,38
"872","Sti",2,5,38
"873","Tdod",1,4,38
"874","Teke",6,4,38
"875","AcalS",5,10,39
"876","AcurS",16,5,39
"877","AglaS",4,6,39
"878","AinfS",5,3,39
"879","Amit",5,7,39
"880","AquaA",13,7,39
"881","AqueS",2,5,39
"882","Calc",1,5,39
"883","Clon asex",2,0,39
"884","ClonA",16,8,39
"885","Col",1,7,39
"886","Colfllu",1,0,39
"887","Ealb",6,9,39
"888","NantA",2,2,39
"889","NqueA",4,6,39
"890","NqueS",20,7,39
"891","Phy",11,5,39
"892","Phyhar",4,2,39
"893","Phyque",2,1,39
"894","Ppyg",4,5,39
"895","Sti",2,6,39
"896","Tdod",1,7,39
"897","Teke",6,6,39
"898","AcalS",5,11,40
"899","AcurS",16,9,40
"900","AglaS",4,9,40
"901","AinfS",5,4,40
"902","Amit",5,7,40
"903","AquaA",13,3,40
"904","AqueS",2,4,40
"905","Calc",1,5,40
"906","Clon asex",2,0,40
"907","ClonA",16,8,40
"908","Col",1,2,40
"909","Colfllu",1,2,40
"910","Ealb",6,3,40
"911","NantA",2,2,40
"912","NqueA",4,2,40
"913","NqueS",20,8,40
"914","Phy",11,4,40
"915","Phyhar",4,3,40
"916","Phyque",2,2,40
"917","Ppyg",4,3,40
"918","Sti",2,6,40
"919","Tdod",1,4,40
"920","Teke",6,4,40
"921","AcalS",5,8,41
"922","AcurS",16,7,41
"923","AglaS",4,10,41
"924","AinfS",5,4,41
"925","Amit",5,6,41
"926","AquaA",13,5,41
"927","AqueS",2,0,41
"928","Calc",1,5,41
"929","Clon asex",2,0,41
"930","ClonA",16,5,41
"931","Col",1,5,41
"932","Colfllu",1,2,41
"933","Ealb",6,5,41
"934","NantA",2,1,41
"935","NqueA",4,5,41
"936","NqueS",20,7,41
"937","Phy",11,8,41
"938","Phyhar",4,2,41
"939","Phyque",2,2,41
"940","Ppyg",4,12,41
"941","Sti",2,6,41
"942","Tdod",1,7,41
"943","Teke",6,7,41
"944","AcalS",5,13,42
"945","AcurS",16,9,42
"946","AglaS",4,5,42
"947","AinfS",5,5,42
"948","Amit",5,3,42
"949","AquaA",13,4,42
"950","AqueS",2,2,42
"951","Calc",1,5,42
"952","Clon asex",2,1,42
"953","ClonA",16,7,42
"954","Col",1,10,42
"955","Colfllu",1,0,42
"956","Ealb",6,3,42
"957","NantA",2,1,42
"958","NqueA",4,3,42
"959","NqueS",20,8,42
"960","Phy",11,5,42
"961","Phyhar",4,5,42
"962","Phyque",2,4,42
"963","Ppyg",4,2,42
"964","Sti",2,6,42
"965","Tdod",1,2,42
"966","Teke",6,4,42
"967","AcalS",5,10,43
"968","AcurS",16,7,43
"969","AglaS",4,3,43
"970","AinfS",5,2,43
"971","Amit",5,12,43
"972","AquaA",13,3,43
"973","AqueS",2,1,43
"974","Calc",1,3,43
"975","Clon asex",2,1,43
"976","ClonA",16,8,43
"977","Col",1,9,43
"978","Colfllu",1,0,43
"979","Ealb",6,8,43
"980","NantA",2,4,43
"981","NqueA",4,6,43
"982","NqueS",20,6,43
"983","Phy",11,7,43
"984","Phyhar",4,6,43
"985","Phyque",2,5,43
"986","Ppyg",4,2,43
"987","Sti",2,4,43
"988","Tdod",1,5,43
"989","Teke",6,5,43
"990","AcalS",5,7,44
"991","AcurS",16,6,44
"992","AglaS",4,2,44
"993","AinfS",5,3,44
"994","Amit",5,5,44
"995","AquaA",13,8,44
"996","AqueS",2,3,44
"997","Calc",1,8,44
"998","Clon asex",2,1,44
"999","ClonA",16,5,44
"1000","Col",1,10,44
"1001","Colfllu",1,2,44
"1002","Ealb",6,6,44
"1003","NantA",2,3,44
"1004","NqueA",4,5,44
"1005","NqueS",20,8,44
"1006","Phy",11,7,44
"1007","Phyhar",4,2,44
"1008","Phyque",2,2,44
"1009","Ppyg",4,9,44
"1010","Sti",2,8,44
"1011","Tdod",1,8,44
"1012","Teke",6,4,44
"1013","AcalS",5,12,45
"1014","AcurS",16,6,45
"1015","AglaS",4,10,45
"1016","AinfS",5,6,45
"1017","Amit",5,5,45
"1018","AquaA",13,3,45
"1019","AqueS",2,2,45
"1020","Calc",1,5,45
"1021","Clon asex",2,2,45
"1022","ClonA",16,4,45
"1023","Col",1,4,45
"1024","Colfllu",1,0,45
"1025","Ealb",6,7,45
"1026","NantA",2,2,45
"1027","NqueA",4,7,45
"1028","NqueS",20,5,45
"1029","Phy",11,6,45
"1030","Phyhar",4,3,45
"1031","Phyque",2,3,45
"1032","Ppyg",4,8,45
"1033","Sti",2,5,45
"1034","Tdod",1,4,45
"1035","Teke",6,5,45
"1036","AcalS",5,14,46
"1037","AcurS",16,5,46
"1038","AglaS",4,7,46
"1039","AinfS",5,4,46
"1040","Amit",5,2,46
"1041","AquaA",13,5,46
"1042","AqueS",2,1,46
"1043","Calc",1,9,46
"1044","Clon asex",2,1,46
"1045","ClonA",16,3,46
"1046","Col",1,2,46
"1047","Colfllu",1,0,46
"1048","Ealb",6,6,46
"1049","NantA",2,4,46
"1050","NqueA",4,5,46
"1051","NqueS",20,5,46
"1052","Phy",11,6,46
"1053","Phyhar",4,7,46
"1054","Phyque",2,4,46
"1055","Ppyg",4,4,46
"1056","Sti",2,3,46
"1057","Tdod",1,5,46
"1058","Teke",6,6,46
"1059","AcalS",5,11,47
"1060","AcurS",16,8,47
"1061","AglaS",4,7,47
"1062","AinfS",5,3,47
"1063","Amit",5,4,47
"1064","AquaA",13,9,47
"1065","AqueS",2,5,47
"1066","Calc",1,8,47
"1067","Clon asex",2,0,47
"1068","ClonA",16,7,47
"1069","Col",1,6,47
"1070","Colfllu",1,3,47
"1071","Ealb",6,6,47
"1072","NantA",2,2,47
"1073","NqueA",4,8,47
"1074","NqueS",20,5,47
"1075","Phy",11,5,47
"1076","Phyhar",4,3,47
"1077","Phyque",2,1,47
"1078","Ppyg",4,8,47
"1079","Sti",2,6,47
"1080","Tdod",1,6,47
"1081","Teke",6,7,47
"1082","AcalS",5,12,48
"1083","AcurS",16,5,48
"1084","AglaS",4,6,48
"1085","AinfS",5,4,48
"1086","Amit",5,2,48
"1087","AquaA",13,4,48
"1088","AqueS",2,0,48
"1089","Calc",1,3,48
"1090","Clon asex",2,3,48
"1091","ClonA",16,9,48
"1092","Col",1,4,48
"1093","Colfllu",1,2,48
"1094","Ealb",6,7,48
"1095","NantA",2,2,48
"1096","NqueA",4,6,48
"1097","NqueS",20,5,48
"1098","Phy",11,8,48
"1099","Phyhar",4,2,48
"1100","Phyque",2,3,48
"1101","Ppyg",4,3,48
"1102","Sti",2,6,48
"1103","Tdod",1,8,48
"1104","Teke",6,6,48
"1105","AcalS",5,13,49
"1106","AcurS",16,8,49
"1107","AglaS",4,9,49
"1108","AinfS",5,8,49
"1109","Amit",5,4,49
"1110","AquaA",13,7,49
"1111","AqueS",2,3,49
"1112","Calc",1,4,49
"1113","Clon asex",2,2,49
"1114","ClonA",16,6,49
"1115","Col",1,2,49
"1116","Colfllu",1,2,49
"1117","Ealb",6,7,49
"1118","NantA",2,1,49
"1119","NqueA",4,8,49
"1120","NqueS",20,3,49
"1121","Phy",11,6,49
"1122","Phyhar",4,7,49
"1123","Phyque",2,7,49
"1124","Ppyg",4,4,49
"1125","Sti",2,4,49
"1126","Tdod",1,5,49
"1127","Teke",6,7,49
"1128","AcalS",5,11,50
"1129","AcurS",16,7,50
"1130","AglaS",4,5,50
"1131","AinfS",5,5,50
"1132","Amit",5,7,50
"1133","AquaA",13,4,50
"1134","AqueS",2,7,50
"1135","Calc",1,8,50
"1136","Clon asex",2,1,50
"1137","ClonA",16,8,50
"1138","Col",1,3,50
"1139","Colfllu",1,1,50
"1140","Ealb",6,6,50
"1141","NantA",2,1,50
"1142","NqueA",4,4,50
"1143","NqueS",20,6,50
"1144","Phy",11,5,50
"1145","Phyhar",4,1,50
"1146","Phyque",2,0,50
"1147","Ppyg",4,5,50
"1148","Sti",2,5,50
"1149","Tdod",1,5,50
"1150","Teke",6,6,50
"1151","AcalS",5,8,51
"1152","AcurS",16,5,51
"1153","AglaS",4,8,51
"1154","AinfS",5,7,51
"1155","Amit",5,7,51
"1156","AquaA",13,7,51
"1157","AqueS",2,6,51
"1158","Calc",1,5,51
"1159","Clon asex",2,2,51
"1160","ClonA",16,4,51
"1161","Col",1,10,51
"1162","Colfllu",1,1,51
"1163","Ealb",6,6,51
"1164","NantA",2,1,51
"1165","NqueA",4,6,51
"1166","NqueS",20,5,51
"1167","Phy",11,4,51
"1168","Phyhar",4,0,51
"1169","Phyque",2,1,51
"1170","Ppyg",4,5,51
"1171","Sti",2,6,51
"1172","Tdod",1,7,51
"1173","Teke",6,8,51
"1174","AcalS",5,12,52
"1175","AcurS",16,5,52
"1176","AglaS",4,2,52
"1177","AinfS",5,5,52
"1178","Amit",5,3,52
"1179","AquaA",13,4,52
"1180","AqueS",2,4,52
"1181","Calc",1,5,52
"1182","Clon asex",2,0,52
"1183","ClonA",16,5,52
"1184","Col",1,7,52
"1185","Colfllu",1,2,52
"1186","Ealb",6,3,52
"1187","NantA",2,5,52
"1188","NqueA",4,2,52
"1189","NqueS",20,5,52
"1190","Phy",11,3,52
"1191","Phyhar",4,5,52
"1192","Phyque",2,1,52
"1193","Ppyg",4,5,52
"1194","Sti",2,8,52
"1195","Tdod",1,6,52
"1196","Teke",6,4,52
"1197","AcalS",5,11,53
"1198","AcurS",16,6,53
"1199","AglaS",4,3,53
"1200","AinfS",5,4,53
"1201","Amit",5,3,53
"1202","AquaA",13,5,53
"1203","AqueS",2,5,53
"1204","Calc",1,8,53
"1205","Clon asex",2,1,53
"1206","ClonA",16,8,53
"1207","Col",1,6,53
"1208","Colfllu",1,0,53
"1209","Ealb",6,7,53
"1210","NantA",2,2,53
"1211","NqueA",4,5,53
"1212","NqueS",20,10,53
"1213","Phy",11,7,53
"1214","Phyhar",4,5,53
"1215","Phyque",2,5,53
"1216","Ppyg",4,5,53
"1217","Sti",2,6,53
"1218","Tdod",1,3,53
"1219","Teke",6,7,53
"1220","AcalS",5,11,54
"1221","AcurS",16,9,54
"1222","AglaS",4,3,54
"1223","AinfS",5,5,54
"1224","Amit",5,7,54
"1225","AquaA",13,8,54
"1226","AqueS",2,3,54
"1227","Calc",1,7,54
"1228","Clon asex",2,1,54
"1229","ClonA",16,8,54
"1230","Col",1,4,54
"1231","Colfllu",1,1,54
"1232","Ealb",6,6,54
"1233","NantA",2,3,54
"1234","NqueA",4,8,54
"1235","NqueS",20,8,54
"1236","Phy",11,2,54
"1237","Phyhar",4,2,54
"1238","Phyque",2,2,54
"1239","Ppyg",4,6,54
"1240","Sti",2,7,54
"1241","Tdod",1,5,54
"1242","Teke",6,2,54
"1243","AcalS",5,10,55
"1244","AcurS",16,10,55
"1245","AglaS",4,6,55
"1246","AinfS",5,5,55
"1247","Amit",5,6,55
"1248","AquaA",13,5,55
"1249","AqueS",2,0,55
"1250","Calc",1,5,55
"1251","Clon asex",2,1,55
"1252","ClonA",16,6,55
"1253","Col",1,3,55
"1254","Colfllu",1,0,55
"1255","Ealb",6,13,55
"1256","NantA",2,0,55
"1257","NqueA",4,9,55
"1258","NqueS",20,4,55
"1259","Phy",11,2,55
"1260","Phyhar",4,4,55
"1261","Phyque",2,3,55
"1262","Ppyg",4,10,55
"1263","Sti",2,2,55
"1264","Tdod",1,6,55
"1265","Teke",6,10,55
"1266","AcalS",5,11,56
"1267","AcurS",16,14,56
"1268","AglaS",4,4,56
"1269","AinfS",5,7,56
"1270","Amit",5,6,56
"1271","AquaA",13,7,56
"1272","AqueS",2,4,56
"1273","Calc",1,11,56
"1274","Clon asex",2,0,56
"1275","ClonA",16,6,56
"1276","Col",1,6,56
"1277","Colfllu",1,0,56
"1278","Ealb",6,4,56
"1279","NantA",2,2,56
"1280","NqueA",4,2,56
"1281","NqueS",20,7,56
"1282","Phy",11,5,56
"1283","Phyhar",4,2,56
"1284","Phyque",2,2,56
"1285","Ppyg",4,7,56
"1286","Sti",2,5,56
"1287","Tdod",1,4,56
"1288","Teke",6,5,56
"1289","AcalS",5,10,57
"1290","AcurS",16,10,57
"1291","AglaS",4,3,57
"1292","AinfS",5,1,57
"1293","Amit",5,7,57
"1294","AquaA",13,5,57
"1295","AqueS",2,3,57
"1296","Calc",1,5,57
"1297","Clon asex",2,2,57
"1298","ClonA",16,10,57
"1299","Col",1,3,57
"1300","Colfllu",1,0,57
"1301","Ealb",6,2,57
"1302","NantA",2,2,57
"1303","NqueA",4,9,57
"1304","NqueS",20,13,57
"1305","Phy",11,5,57
"1306","Phyhar",4,3,57
"1307","Phyque",2,4,57
"1308","Ppyg",4,4,57
"1309","Sti",2,5,57
"1310","Tdod",1,6,57
"1311","Teke",6,7,57
"1312","AcalS",5,15,58
"1313","AcurS",16,8,58
"1314","AglaS",4,5,58
"1315","AinfS",5,5,58
"1316","Amit",5,3,58
"1317","AquaA",13,6,58
"1318","AqueS",2,1,58
"1319","Calc",1,9,58
"1320","Clon asex",2,1,58
"1321","ClonA",16,9,58
"1322","Col",1,3,58
"1323","Colfllu",1,1,58
"1324","Ealb",6,9,58
"1325","NantA",2,1,58
"1326","NqueA",4,4,58
"1327","NqueS",20,6,58
"1328","Phy",11,7,58
"1329","Phyhar",4,3,58
"1330","Phyque",2,4,58
"1331","Ppyg",4,6,58
"1332","Sti",2,7,58
"1333","Tdod",1,4,58
"1334","Teke",6,2,58
"1335","AcalS",5,8,59
"1336","AcurS",16,11,59
"1337","AglaS",4,5,59
"1338","AinfS",5,1,59
"1339","Amit",5,8,59
"1340","AquaA",13,7,59
"1341","AqueS",2,9,59
"1342","Calc",1,5,59
"1343","Clon asex",2,1,59
"1344","ClonA",16,6,59
"1345","Col",1,11,59
"1346","Colfllu",1,0,59
"1347","Ealb",6,6,59
"1348","NantA",2,1,59
"1349","NqueA",4,7,59
"1350","NqueS",20,5,59
"1351","Phy",11,4,59
"1352","Phyhar",4,1,59
"1353","Phyque",2,2,59
"1354","Ppyg",4,4,59
"1355","Sti",2,5,59
"1356","Tdod",1,7,59
"1357","Teke",6,5,59
"1358","AcalS",5,10,60
"1359","AcurS",16,6,60
"1360","AglaS",4,5,60
"1361","AinfS",5,3,60
"1362","Amit",5,5,60
"1363","AquaA",13,5,60
"1364","AqueS",2,4,60
"1365","Calc",1,5,60
"1366","Clon asex",2,0,60
"1367","ClonA",16,8,60
"1368","Col",1,8,60
"1369","Colfllu",1,2,60
"1370","Ealb",6,8,60
"1371","NantA",2,3,60
"1372","NqueA",4,1,60
"1373","NqueS",20,8,60
"1374","Phy",11,6,60
"1375","Phyhar",4,2,60
"1376","Phyque",2,4,60
"1377","Ppyg",4,9,60
"1378","Sti",2,4,60
"1379","Tdod",1,4,60
"1380","Teke",6,6,60
"1381","AcalS",5,10,61
"1382","AcurS",16,8,61
"1383","AglaS",4,7,61
"1384","AinfS",5,2,61
"1385","Amit",5,5,61
"1386","AquaA",13,7,61
"1387","AqueS",2,1,61
"1388","Calc",1,2,61
"1389","Clon asex",2,0,61
"1390","ClonA",16,8,61
"1391","Col",1,3,61
"1392","Colfllu",1,0,61
"1393","Ealb",6,5,61
"1394","NantA",2,0,61
"1395","NqueA",4,3,61
"1396","NqueS",20,6,61
"1397","Phy",11,9,61
"1398","Phyhar",4,3,61
"1399","Phyque",2,2,61
"1400","Ppyg",4,7,61
"1401","Sti",2,9,61
"1402","Tdod",1,8,61
"1403","Teke",6,5,61
"1404","AcalS",5,8,62
"1405","AcurS",16,8,62
"1406","AglaS",4,8,62
"1407","AinfS",5,7,62
"1408","Amit",5,8,62
"1409","AquaA",13,9,62
"1410","AqueS",2,2,62
"1411","Calc",1,5,62
"1412","Clon asex",2,1,62
"1413","ClonA",16,5,62
"1414","Col",1,4,62
"1415","Colfllu",1,1,62
"1416","Ealb",6,5,62
"1417","NantA",2,2,62
"1418","NqueA",4,5,62
"1419","NqueS",20,8,62
"1420","Phy",11,3,62
"1421","Phyhar",4,4,62
"1422","Phyque",2,3,62
"1423","Ppyg",4,5,62
"1424","Sti",2,3,62
"1425","Tdod",1,8,62
"1426","Teke",6,9,62
"1427","AcalS",5,11,63
"1428","AcurS",16,8,63
"1429","AglaS",4,4,63
"1430","AinfS",5,5,63
"1431","Amit",5,8,63
"1432","AquaA",13,4,63
"1433","AqueS",2,2,63
"1434","Calc",1,2,63
"1435","Clon asex",2,1,63
"1436","ClonA",16,5,63
"1437","Col",1,4,63
"1438","Colfllu",1,0,63
"1439","Ealb",6,8,63
"1440","NantA",2,2,63
"1441","NqueA",4,7,63
"1442","NqueS",20,10,63
"1443","Phy",11,8,63
"1444","Phyhar",4,1,63
"1445","Phyque",2,2,63
"1446","Ppyg",4,1,63
"1447","Sti",2,4,63
"1448","Tdod",1,3,63
"1449","Teke",6,4,63
"1450","AcalS",5,15,64
"1451","AcurS",16,6,64
"1452","AglaS",4,3,64
"1453","AinfS",5,4,64
"1454","Amit",5,8,64
"1455","AquaA",13,5,64
"1456","AqueS",2,3,64
"1457","Calc",1,2,64
"1458","Clon asex",2,2,64
"1459","ClonA",16,8,64
"1460","Col",1,7,64
"1461","Colfllu",1,1,64
"1462","Ealb",6,6,64
"1463","NantA",2,1,64
"1464","NqueA",4,4,64
"1465","NqueS",20,7,64
"1466","Phy",11,4,64
"1467","Phyhar",4,2,64
"1468","Phyque",2,2,64
"1469","Ppyg",4,1,64
"1470","Sti",2,4,64
"1471","Tdod",1,4,64
"1472","Teke",6,5,64
"1473","AcalS",5,13,65
"1474","AcurS",16,6,65
"1475","AglaS",4,7,65
"1476","AinfS",5,9,65
"1477","Amit",5,7,65
"1478","AquaA",13,10,65
"1479","AqueS",2,2,65
"1480","Calc",1,2,65
"1481","Clon asex",2,2,65
"1482","ClonA",16,4,65
"1483","Col",1,6,65
"1484","Colfllu",1,1,65
"1485","Ealb",6,5,65
"1486","NantA",2,1,65
"1487","NqueA",4,6,65
"1488","NqueS",20,3,65
"1489","Phy",11,3,65
"1490","Phyhar",4,3,65
"1491","Phyque",2,1,65
"1492","Ppyg",4,6,65
"1493","Sti",2,8,65
"1494","Tdod",1,6,65
"1495","Teke",6,2,65
"1496","AcalS",5,9,66
"1497","AcurS",16,7,66
"1498","AglaS",4,7,66
"1499","AinfS",5,3,66
"1500","Amit",5,7,66
"1501","AquaA",13,7,66
"1502","AqueS",2,2,66
"1503","Calc",1,7,66
"1504","Clon asex",2,2,66
"1505","ClonA",16,7,66
"1506","Col",1,4,66
"1507","Colfllu",1,0,66
"1508","Ealb",6,8,66
"1509","NantA",2,3,66
"1510","NqueA",4,4,66
"1511","NqueS",20,5,66
"1512","Phy",11,7,66
"1513","Phyhar",4,8,66
"1514","Phyque",2,4,66
"1515","Ppyg",4,5,66
"1516","Sti",2,4,66
"1517","Tdod",1,5,66
"1518","Teke",6,4,66
"1519","AcalS",5,9,67
"1520","AcurS",16,3,67
"1521","AglaS",4,5,67
"1522","AinfS",5,0,67
"1523","Amit",5,9,67
"1524","AquaA",13,7,67
"1525","AqueS",2,4,67
"1526","Calc",1,11,67
"1527","Clon asex",2,2,67
"1528","ClonA",16,4,67
"1529","Col",1,1,67
"1530","Colfllu",1,0,67
"1531","Ealb",6,7,67
"1532","NantA",2,1,67
"1533","NqueA",4,3,67
"1534","NqueS",20,12,67
"1535","Phy",11,2,67
"1536","Phyhar",4,2,67
"1537","Phyque",2,5,67
"1538","Ppyg",4,5,67
"1539","Sti",2,3,67
"1540","Tdod",1,4,67
"1541","Teke",6,4,67
"1542","AcalS",5,15,68
"1543","AcurS",16,7,68
"1544","AglaS",4,7,68
"1545","AinfS",5,1,68
"1546","Amit",5,5,68
"1547","AquaA",13,2,68
"1548","AqueS",2,7,68
"1549","Calc",1,6,68
"1550","Clon asex",2,1,68
"1551","ClonA",16,6,68
"1552","Col",1,8,68
"1553","Colfllu",1,1,68
"1554","Ealb",6,3,68
"1555","NantA",2,2,68
"1556","NqueA",4,7,68
"1557","NqueS",20,9,68
"1558","Phy",11,5,68
"1559","Phyhar",4,1,68
"1560","Phyque",2,1,68
"1561","Ppyg",4,3,68
"1562","Sti",2,4,68
"1563","Tdod",1,4,68
"1564","Teke",6,7,68
"1565","AcalS",5,8,69
"1566","AcurS",16,2,69
"1567","AglaS",4,7,69
"1568","AinfS",5,3,69
"1569","Amit",5,5,69
"1570","AquaA",13,6,69
"1571","AqueS",2,2,69
"1572","Calc",1,7,69
"1573","Clon asex",2,0,69
"1574","ClonA",16,2,69
"1575","Col",1,7,69
"1576","Colfllu",1,1,69
"1577","Ealb",6,7,69
"1578","NantA",2,1,69
"1579","NqueA",4,9,69
"1580","NqueS",20,10,69
"1581","Phy",11,7,69
"1582","Phyhar",4,3,69
"1583","Phyque",2,2,69
"1584","Ppyg",4,5,69
"1585","Sti",2,6,69
"1586","Tdod",1,5,69
"1587","Teke",6,7,69
"1588","AcalS",5,17,70
"1589","AcurS",16,5,70
"1590","AglaS",4,4,70
"1591","AinfS",5,2,70
"1592","Amit",5,6,70
"1593","AquaA",13,7,70
"1594","AqueS",2,1,70
"1595","Calc",1,6,70
"1596","Clon asex",2,0,70
"1597","ClonA",16,4,70
"1598","Col",1,6,70
"1599","Colfllu",1,1,70
"1600","Ealb",6,3,70
"1601","NantA",2,3,70
"1602","NqueA",4,12,70
"1603","NqueS",20,3,70
"1604","Phy",11,2,70
"1605","Phyhar",4,0,70
"1606","Phyque",2,1,70
"1607","Ppyg",4,6,70
"1608","Sti",2,5,70
"1609","Tdod",1,6,70
"1610","Teke",6,4,70
"1611","AcalS",5,14,71
"1612","AcurS",16,4,71
"1613","AglaS",4,1,71
"1614","AinfS",5,1,71
"1615","Amit",5,5,71
"1616","AquaA",13,8,71
"1617","AqueS",2,0,71
"1618","Calc",1,11,71
"1619","Clon asex",2,0,71
"1620","ClonA",16,5,71
"1621","Col",1,4,71
"1622","Colfllu",1,2,71
"1623","Ealb",6,10,71
"1624","NantA",2,3,71
"1625","NqueA",4,10,71
"1626","NqueS",20,6,71
"1627","Phy",11,2,71
"1628","Phyhar",4,3,71
"1629","Phyque",2,3,71
"1630","Ppyg",4,4,71
"1631","Sti",2,5,71
"1632","Tdod",1,5,71
"1633","Teke",6,2,71
"1634","AcalS",5,9,72
"1635","AcurS",16,5,72
"1636","AglaS",4,1,72
"1637","AinfS",5,8,72
"1638","Amit",5,9,72
"1639","AquaA",13,6,72
"1640","AqueS",2,2,72
"1641","Calc",1,5,72
"1642","Clon asex",2,2,72
"1643","ClonA",16,6,72
"1644","Col",1,7,72
"1645","Colfllu",1,1,72
"1646","Ealb",6,4,72
"1647","NantA",2,2,72
"1648","NqueA",4,6,72
"1649","NqueS",20,4,72
"1650","Phy",11,6,72
"1651","Phyhar",4,2,72
"1652","Phyque",2,1,72
"1653","Ppyg",4,7,72
"1654","Sti",2,5,72
"1655","Tdod",1,7,72
"1656","Teke",6,4,72
"1657","AcalS",5,12,73
"1658","AcurS",16,9,73
"1659","AglaS",4,11,73
"1660","AinfS",5,4,73
"1661","Amit",5,6,73
"1662","AquaA",13,4,73
"1663","AqueS",2,4,73
"1664","Calc",1,9,73
"1665","Clon asex",2,0,73
"1666","ClonA",16,10,73
"1667","Col",1,6,73
"1668","Colfllu",1,0,73
"1669","Ealb",6,3,73
"1670","NantA",2,4,73
"1671","NqueA",4,3,73
"1672","NqueS",20,4,73
"1673","Phy",11,4,73
"1674","Phyhar",4,2,73
"1675","Phyque",2,3,73
"1676","Ppyg",4,3,73
"1677","Sti",2,2,73
"1678","Tdod",1,7,73
"1679","Teke",6,4,73
"1680","AcalS",5,10,74
"1681","AcurS",16,5,74
"1682","AglaS",4,5,74
"1683","AinfS",5,5,74
"1684","Amit",5,3,74
"1685","AquaA",13,8,74
"1686","AqueS",2,5,74
"1687","Calc",1,5,74
"1688","Clon asex",2,0,74
"1689","ClonA",16,7,74
"1690","Col",1,7,74
"1691","Colfllu",1,1,74
"1692","Ealb",6,8,74
"1693","NantA",2,2,74
"1694","NqueA",4,7,74
"1695","NqueS",20,7,74
"1696","Phy",11,2,74
"1697","Phyhar",4,2,74
"1698","Phyque",2,4,74
"1699","Ppyg",4,3,74
"1700","Sti",2,5,74
"1701","Tdod",1,4,74
"1702","Teke",6,9,74
"1703","AcalS",5,10,75
"1704","AcurS",16,3,75
"1705","AglaS",4,10,75
"1706","AinfS",5,2,75
"1707","Amit",5,7,75
"1708","AquaA",13,7,75
"1709","AqueS",2,1,75
"1710","Calc",1,5,75
"1711","Clon asex",2,1,75
"1712","ClonA",16,7,75
"1713","Col",1,6,75
"1714","Colfllu",1,2,75
"1715","Ealb",6,11,75
"1716","NantA",2,1,75
"1717","NqueA",4,8,75
"1718","NqueS",20,6,75
"1719","Phy",11,5,75
"1720","Phyhar",4,1,75
"1721","Phyque",2,7,75
"1722","Ppyg",4,3,75
"1723","Sti",2,7,75
"1724","Tdod",1,10,75
"1725","Teke",6,7,75
"1726","AcalS",5,10,76
"1727","AcurS",16,6,76
"1728","AglaS",4,9,76
"1729","AinfS",5,2,76
"1730","Amit",5,5,76
"1731","AquaA",13,11,76
"1732","AqueS",2,2,76
"1733","Calc",1,3,76
"1734","Clon asex",2,1,76
"1735","ClonA",16,5,76
"1736","Col",1,10,76
"1737","Colfllu",1,0,76
"1738","Ealb",6,5,76
"1739","NantA",2,1,76
"1740","NqueA",4,4,76
"1741","NqueS",20,13,76
"1742","Phy",11,7,76
"1743","Phyhar",4,1,76
"1744","Phyque",2,3,76
"1745","Ppyg",4,6,76
"1746","Sti",2,5,76
"1747","Tdod",1,4,76
"1748","Teke",6,8,76
"1749","AcalS",5,17,77
"1750","AcurS",16,6,77
"1751","AglaS",4,7,77
"1752","AinfS",5,7,77
"1753","Amit",5,4,77
"1754","AquaA",13,4,77
"1755","AqueS",2,1,77
"1756","Calc",1,2,77
"1757","Clon asex",2,1,77
"1758","ClonA",16,3,77
"1759","Col",1,3,77
"1760","Colfllu",1,1,77
"1761","Ealb",6,2,77
"1762","NantA",2,5,77
"1763","NqueA",4,4,77
"1764","NqueS",20,8,77
"1765","Phy",11,10,77
"1766","Phyhar",4,2,77
"1767","Phyque",2,1,77
"1768","Ppyg",4,5,77
"1769","Sti",2,5,77
"1770","Tdod",1,3,77
"1771","Teke",6,9,77
"1772","AcalS",5,9,78
"1773","AcurS",16,9,78
"1774","AglaS",4,4,78
"1775","AinfS",5,5,78
"1776","Amit",5,5,78
"1777","AquaA",13,4,78
"1778","AqueS",2,3,78
"1779","Calc",1,8,78
"1780","Clon asex",2,2,78
"1781","ClonA",16,3,78
"1782","Col",1,9,78
"1783","Colfllu",1,2,78
"1784","Ealb",6,3,78
"1785","NantA",2,2,78
"1786","NqueA",4,5,78
"1787","NqueS",20,7,78
"1788","Phy",11,6,78
"1789","Phyhar",4,2,78
"1790","Phyque",2,3,78
"1791","Ppyg",4,4,78
"1792","Sti",2,6,78
"1793","Tdod",1,4,78
"1794","Teke",6,6,78
"1795","AcalS",5,11,79
"1796","AcurS",16,3,79
"1797","AglaS",4,9,79
"1798","AinfS",5,2,79
"1799","Amit",5,5,79
"1800","AquaA",13,4,79
"1801","AqueS",2,3,79
"1802","Calc",1,2,79
"1803","Clon asex",2,0,79
"1804","ClonA",16,0,79
"1805","Col",1,5,79
"1806","Colfllu",1,2,79
"1807","Ealb",6,5,79
"1808","NantA",2,2,79
"1809","NqueA",4,3,79
"1810","NqueS",20,8,79
"1811","Phy",11,5,79
"1812","Phyhar",4,2,79
"1813","Phyque",2,3,79
"1814","Ppyg",4,6,79
"1815","Sti",2,10,79
"1816","Tdod",1,5,79
"1817","Teke",6,1,79
"1818","AcalS",5,7,80
"1819","AcurS",16,11,80
"1820","AglaS",4,9,80
"1821","AinfS",5,1,80
"1822","Amit",5,5,80
"1823","AquaA",13,5,80
"1824","AqueS",2,2,80
"1825","Calc",1,7,80
"1826","Clon asex",2,1,80
"1827","ClonA",16,5,80
"1828","Col",1,9,80
"1829","Colfllu",1,1,80
"1830","Ealb",6,9,80
"1831","NantA",2,1,80
"1832","NqueA",4,6,80
"1833","NqueS",20,11,80
"1834","Phy",11,5,80
"1835","Phyhar",4,1,80
"1836","Phyque",2,1,80
"1837","Ppyg",4,9,80
"1838","Sti",2,7,80
"1839","Tdod",1,6,80
"1840","Teke",6,7,80
"1841","AcalS",5,7,81
"1842","AcurS",16,5,81
"1843","AglaS",4,9,81
"1844","AinfS",5,0,81
"1845","Amit",5,5,81
"1846","AquaA",13,10,81
"1847","AqueS",2,2,81
"1848","Calc",1,8,81
"1849","Clon asex",2,0,81
"1850","ClonA",16,10,81
"1851","Col",1,2,81
"1852","Colfllu",1,0,81
"1853","Ealb",6,8,81
"1854","NantA",2,1,81
"1855","NqueA",4,5,81
"1856","NqueS",20,5,81
"1857","Phy",11,6,81
"1858","Phyhar",4,6,81
"1859","Phyque",2,1,81
"1860","Ppyg",4,6,81
"1861","Sti",2,8,81
"1862","Tdod",1,8,81
"1863","Teke",6,11,81
"1864","AcalS",5,13,82
"1865","AcurS",16,7,82
"1866","AglaS",4,6,82
"1867","AinfS",5,3,82
"1868","Amit",5,5,82
"1869","AquaA",13,8,82
"1870","AqueS",2,6,82
"1871","Calc",1,7,82
"1872","Clon asex",2,1,82
"1873","ClonA",16,3,82
"1874","Col",1,5,82
"1875","Colfllu",1,2,82
"1876","Ealb",6,11,82
"1877","NantA",2,1,82
"1878","NqueA",4,4,82
"1879","NqueS",20,5,82
"1880","Phy",11,7,82
"1881","Phyhar",4,4,82
"1882","Phyque",2,2,82
"1883","Ppyg",4,9,82
"1884","Sti",2,6,82
"1885","Tdod",1,4,82
"1886","Teke",6,6,82
"1887","AcalS",5,9,83
"1888","AcurS",16,2,83
"1889","AglaS",4,5,83
"1890","AinfS",5,2,83
"1891","Amit",5,8,83
"1892","AquaA",13,3,83
"1893","AqueS",2,2,83
"1894","Calc",1,7,83
"1895","Clon asex",2,4,83
"1896","ClonA",16,5,83
"1897","Col",1,11,83
"1898","Colfllu",1,0,83
"1899","Ealb",6,5,83
"1900","NantA",2,3,83
"1901","NqueA",4,5,83
"1902","NqueS",20,6,83
"1903","Phy",11,5,83
"1904","Phyhar",4,1,83
"1905","Phyque",2,4,83
"1906","Ppyg",4,7,83
"1907","Sti",2,7,83
"1908","Tdod",1,10,83
"1909","Teke",6,8,83
"1910","AcalS",5,5,84
"1911","AcurS",16,9,84
"1912","AglaS",4,6,84
"1913","AinfS",5,7,84
"1914","Amit",5,7,84
"1915","AquaA",13,7,84
"1916","AqueS",2,2,84
"1917","Calc",1,4,84
"1918","Clon asex",2,3,84
"1919","ClonA",16,6,84
"1920","Col",1,6,84
"1921","Colfllu",1,0,84
"1922","Ealb",6,13,84
"1923","NantA",2,4,84
"1924","NqueA",4,6,84
"1925","NqueS",20,4,84
"1926","Phy",11,10,84
"1927","Phyhar",4,4,84
"1928","Phyque",2,1,84
"1929","Ppyg",4,4,84
"1930","Sti",2,4,84
"1931","Tdod",1,7,84
"1932","Teke",6,3,84
"1933","AcalS",5,6,85
"1934","AcurS",16,6,85
"1935","AglaS",4,5,85
"1936","AinfS",5,3,85
"1937","Amit",5,5,85
"1938","AquaA",13,7,85
"1939","AqueS",2,4,85
"1940","Calc",1,4,85
"1941","Clon asex",2,2,85
"1942","ClonA",16,4,85
"1943","Col",1,2,85
"1944","Colfllu",1,0,85
"1945","Ealb",6,7,85
"1946","NantA",2,2,85
"1947","NqueA",4,4,85
"1948","NqueS",20,7,85
"1949","Phy",11,10,85
"1950","Phyhar",4,0,85
"1951","Phyque",2,2,85
"1952","Ppyg",4,10,85
"1953","Sti",2,10,85
"1954","Tdod",1,3,85
"1955","Teke",6,4,85
"1956","AcalS",5,10,86
"1957","AcurS",16,6,86
"1958","AglaS",4,5,86
"1959","AinfS",5,3,86
"1960","Amit",5,6,86
"1961","AquaA",13,8,86
"1962","AqueS",2,5,86
"1963","Calc",1,5,86
"1964","Clon asex",2,2,86
"1965","ClonA",16,9,86
"1966","Col",1,5,86
"1967","Colfllu",1,1,86
"1968","Ealb",6,8,86
"1969","NantA",2,2,86
"1970","NqueA",4,2,86
"1971","NqueS",20,5,86
"1972","Phy",11,7,86
"1973","Phyhar",4,5,86
"1974","Phyque",2,5,86
"1975","Ppyg",4,4,86
"1976","Sti",2,10,86
"1977","Tdod",1,11,86
"1978","Teke",6,8,86
"1979","AcalS",5,13,87
"1980","AcurS",16,2,87
"1981","AglaS",4,9,87
"1982","AinfS",5,5,87
"1983","Amit",5,9,87
"1984","AquaA",13,9,87
"1985","AqueS",2,1,87
"1986","Calc",1,8,87
"1987","Clon asex",2,2,87
"1988","ClonA",16,5,87
"1989","Col",1,6,87
"1990","Colfllu",1,2,87
"1991","Ealb",6,4,87
"1992","NantA",2,2,87
"1993","NqueA",4,6,87
"1994","NqueS",20,3,87
"1995","Phy",11,9,87
"1996","Phyhar",4,4,87
"1997","Phyque",2,3,87
"1998","Ppyg",4,2,87
"1999","Sti",2,6,87
"2000","Tdod",1,6,87
"2001","Teke",6,7,87
"2002","AcalS",5,16,88
"2003","AcurS",16,6,88
"2004","AglaS",4,5,88
"2005","AinfS",5,4,88
"2006","Amit",5,8,88
"2007","AquaA",13,7,88
"2008","AqueS",2,4,88
"2009","Calc",1,5,88
"2010","Clon asex",2,1,88
"2011","ClonA",16,4,88
"2012","Col",1,4,88
"2013","Colfllu",1,2,88
"2014","Ealb",6,6,88
"2015","NantA",2,2,88
"2016","NqueA",4,6,88
"2017","NqueS",20,8,88
"2018","Phy",11,4,88
"2019","Phyhar",4,2,88
"2020","Phyque",2,4,88
"2021","Ppyg",4,5,88
"2022","Sti",2,6,88
"2023","Tdod",1,6,88
"2024","Teke",6,9,88
"2025","AcalS",5,18,89
"2026","AcurS",16,5,89
"2027","AglaS",4,3,89
"2028","AinfS",5,4,89
"2029","Amit",5,7,89
"2030","AquaA",13,3,89
"2031","AqueS",2,5,89
"2032","Calc",1,8,89
"2033","Clon asex",2,1,89
"2034","ClonA",16,5,89
"2035","Col",1,5,89
"2036","Colfllu",1,2,89
"2037","Ealb",6,8,89
"2038","NantA",2,1,89
"2039","NqueA",4,8,89
"2040","NqueS",20,6,89
"2041","Phy",11,4,89
"2042","Phyhar",4,1,89
"2043","Phyque",2,3,89
"2044","Ppyg",4,5,89
"2045","Sti",2,9,89
"2046","Tdod",1,2,89
"2047","Teke",6,10,89
"2048","AcalS",5,12,90
"2049","AcurS",16,8,90
"2050","AglaS",4,5,90
"2051","AinfS",5,6,90
"2052","Amit",5,6,90
"2053","AquaA",13,10,90
"2054","AqueS",2,1,90
"2055","Calc",1,3,90
"2056","Clon asex",2,0,90
"2057","ClonA",16,4,90
"2058","Col",1,6,90
"2059","Colfllu",1,1,90
"2060","Ealb",6,9,90
"2061","NantA",2,1,90
"2062","NqueA",4,5,90
"2063","NqueS",20,4,90
"2064","Phy",11,1,90
"2065","Phyhar",4,4,90
"2066","Phyque",2,3,90
"2067","Ppyg",4,3,90
"2068","Sti",2,4,90
"2069","Tdod",1,7,90
"2070","Teke",6,6,90
"2071","AcalS",5,5,91
"2072","AcurS",16,6,91
"2073","AglaS",4,7,91
"2074","AinfS",5,8,91
"2075","Amit",5,2,91
"2076","AquaA",13,9,91
"2077","AqueS",2,6,91
"2078","Calc",1,5,91
"2079","Clon asex",2,1,91
"2080","ClonA",16,7,91
"2081","Col",1,2,91
"2082","Colfllu",1,1,91
"2083","Ealb",6,6,91
"2084","NantA",2,1,91
"2085","NqueA",4,9,91
"2086","NqueS",20,8,91
"2087","Phy",11,7,91
"2088","Phyhar",4,3,91
"2089","Phyque",2,7,91
"2090","Ppyg",4,8,91
"2091","Sti",2,6,91
"2092","Tdod",1,5,91
"2093","Teke",6,8,91
"2094","AcalS",5,13,92
"2095","AcurS",16,3,92
"2096","AglaS",4,5,92
"2097","AinfS",5,2,92
"2098","Amit",5,5,92
"2099","AquaA",13,5,92
"2100","AqueS",2,4,92
"2101","Calc",1,7,92
"2102","Clon asex",2,2,92
"2103","ClonA",16,3,92
"2104","Col",1,5,92
"2105","Colfllu",1,1,92
"2106","Ealb",6,9,92
"2107","NantA",2,0,92
"2108","NqueA",4,4,92
"2109","NqueS",20,3,92
"2110","Phy",11,5,92
"2111","Phyhar",4,2,92
"2112","Phyque",2,3,92
"2113","Ppyg",4,6,92
"2114","Sti",2,8,92
"2115","Tdod",1,3,92
"2116","Teke",6,6,92
"2117","AcalS",5,12,93
"2118","AcurS",16,4,93
"2119","AglaS",4,6,93
"2120","AinfS",5,9,93
"2121","Amit",5,11,93
"2122","AquaA",13,7,93
"2123","AqueS",2,2,93
"2124","Calc",1,2,93
"2125","Clon asex",2,0,93
"2126","ClonA",16,4,93
"2127","Col",1,7,93
"2128","Colfllu",1,3,93
"2129","Ealb",6,6,93
"2130","NantA",2,3,93
"2131","NqueA",4,6,93
"2132","NqueS",20,10,93
"2133","Phy",11,5,93
"2134","Phyhar",4,3,93
"2135","Phyque",2,3,93
"2136","Ppyg",4,3,93
"2137","Sti",2,7,93
"2138","Tdod",1,7,93
"2139","Teke",6,3,93
"2140","AcalS",5,17,94
"2141","AcurS",16,5,94
"2142","AglaS",4,6,94
"2143","AinfS",5,7,94
"2144","Amit",5,3,94
"2145","AquaA",13,7,94
"2146","AqueS",2,3,94
"2147","Calc",1,6,94
"2148","Clon asex",2,0,94
"2149","ClonA",16,5,94
"2150","Col",1,3,94
"2151","Colfllu",1,0,94
"2152","Ealb",6,8,94
"2153","NantA",2,2,94
"2154","NqueA",4,8,94
"2155","NqueS",20,3,94
"2156","Phy",11,5,94
"2157","Phyhar",4,2,94
"2158","Phyque",2,0,94
"2159","Ppyg",4,10,94
"2160","Sti",2,5,94
"2161","Tdod",1,6,94
"2162","Teke",6,5,94
"2163","AcalS",5,11,95
"2164","AcurS",16,7,95
"2165","AglaS",4,6,95
"2166","AinfS",5,2,95
"2167","Amit",5,7,95
"2168","AquaA",13,9,95
"2169","AqueS",2,3,95
"2170","Calc",1,5,95
"2171","Clon asex",2,0,95
"2172","ClonA",16,4,95
"2173","Col",1,6,95
"2174","Colfllu",1,2,95
"2175","Ealb",6,4,95
"2176","NantA",2,4,95
"2177","NqueA",4,8,95
"2178","NqueS",20,8,95
"2179","Phy",11,3,95
"2180","Phyhar",4,2,95
"2181","Phyque",2,0,95
"2182","Ppyg",4,2,95
"2183","Sti",2,6,95
"2184","Tdod",1,3,95
"2185","Teke",6,4,95
"2186","AcalS",5,8,96
"2187","AcurS",16,10,96
"2188","AglaS",4,5,96
"2189","AinfS",5,5,96
"2190","Amit",5,4,96
"2191","AquaA",13,8,96
"2192","AqueS",2,6,96
"2193","Calc",1,9,96
"2194","Clon asex",2,0,96
"2195","ClonA",16,10,96
"2196","Col",1,6,96
"2197","Colfllu",1,1,96
"2198","Ealb",6,8,96
"2199","NantA",2,1,96
"2200","NqueA",4,4,96
"2201","NqueS",20,6,96
"2202","Phy",11,12,96
"2203","Phyhar",4,1,96
"2204","Phyque",2,5,96
"2205","Ppyg",4,10,96
"2206","Sti",2,8,96
"2207","Tdod",1,4,96
"2208","Teke",6,5,96
"2209","AcalS",5,10,97
"2210","AcurS",16,6,97
"2211","AglaS",4,6,97
"2212","AinfS",5,4,97
"2213","Amit",5,8,97
"2214","AquaA",13,3,97
"2215","AqueS",2,2,97
"2216","Calc",1,7,97
"2217","Clon asex",2,1,97
"2218","ClonA",16,3,97
"2219","Col",1,7,97
"2220","Colfllu",1,2,97
"2221","Ealb",6,7,97
"2222","NantA",2,2,97
"2223","NqueA",4,7,97
"2224","NqueS",20,6,97
"2225","Phy",11,4,97
"2226","Phyhar",4,0,97
"2227","Phyque",2,1,97
"2228","Ppyg",4,3,97
"2229","Sti",2,6,97
"2230","Tdod",1,5,97
"2231","Teke",6,10,97
"2232","AcalS",5,12,98
"2233","AcurS",16,9,98
"2234","AglaS",4,6,98
"2235","AinfS",5,4,98
"2236","Amit",5,10,98
"2237","AquaA",13,9,98
"2238","AqueS",2,3,98
"2239","Calc",1,8,98
"2240","Clon asex",2,0,98
"2241","ClonA",16,7,98
"2242","Col",1,3,98
"2243","Colfllu",1,3,98
"2244","Ealb",6,4,98
"2245","NantA",2,0,98
"2246","NqueA",4,5,98
"2247","NqueS",20,4,98
"2248","Phy",11,11,98
"2249","Phyhar",4,2,98
"2250","Phyque",2,2,98
"2251","Ppyg",4,7,98
"2252","Sti",2,6,98
"2253","Tdod",1,4,98
"2254","Teke",6,4,98
"2255","AcalS",5,14,99
"2256","AcurS",16,5,99
"2257","AglaS",4,8,99
"2258","AinfS",5,5,99
"2259","Amit",5,4,99
"2260","AquaA",13,8,99
"2261","AqueS",2,0,99
"2262","Calc",1,4,99
"2263","Clon asex",2,0,99
"2264","ClonA",16,7,99
"2265","Col",1,11,99
"2266","Colfllu",1,2,99
"2267","Ealb",6,4,99
"2268","NantA",2,1,99
"2269","NqueA",4,5,99
"2270","NqueS",20,10,99
"2271","Phy",11,3,99
"2272","Phyhar",4,1,99
"2273","Phyque",2,1,99
"2274","Ppyg",4,7,99
"2275","Sti",2,3,99
"2276","Tdod",1,4,99
"2277","Teke",6,7,99
"2278","AcalS",5,8,100
"2279","AcurS",16,6,100
"2280","AglaS",4,7,100
"2281","AinfS",5,3,100
"2282","Amit",5,10,100
"2283","AquaA",13,7,100
"2284","AqueS",2,0,100
"2285","Calc",1,7,100
"2286","Clon asex",2,1,100
"2287","ClonA",16,4,100
"2288","Col",1,5,100
"2289","Colfllu",1,1,100
"2290","Ealb",6,2,100
"2291","NantA",2,2,100
"2292","NqueA",4,12,100
"2293","NqueS",20,9,100
"2294","Phy",11,6,100
"2295","Phyhar",4,4,100
"2296","Phyque",2,1,100
"2297","Ppyg",4,5,100
"2298","Sti",2,5,100
"2299","Tdod",1,5,100
"2300","Teke",6,8,100
